flight_id,route,drone_model,flight_date,max_height_m,battery_left_pct,status
1,"深圳北站-科技园","丰翼方舟40",2026-09-01,112,38,"已完成"
2,"深圳北站-科技园","丰翼方舟40",2026-09-03,125,24,"已完成"
3,"深圳北站-科技园","美团第四代",2026-09-07,118,31,"已完成"
4,"深圳北站-科技园","丰翼方舟40",2026-09-12,131,18,"备降"
5,"深圳北站-科技园","美团第四代",2026-09-19,109,42,"已完成"
6,"深圳湾-前海","顺丰H4",2026-09-02,96,45,"已完成"
7,"深圳湾-前海","顺丰H4",2026-09-08,104,33,"已完成"
8,"深圳湾-前海","大疆FlyCart30",2026-09-15,122,21,"已完成"
9,"深圳湾-前海","顺丰H4",2026-09-22,99,40,"已完成"
10,"宝安机场-光明科学城","丰翼方舟40",2026-09-04,118,29,"已完成"
11,"宝安机场-光明科学城","丰翼方舟40",2026-09-09,136,15,"返航"
12,"宝安机场-光明科学城","美团第四代",2026-09-16,111,36,"已完成"
13,"宝安机场-光明科学城","丰翼方舟40",2026-09-23,107,39,"已完成"
14,"福田口岸-河套","大疆FlyCart30",2026-09-05,88,51,"已完成"
15,"福田口岸-河套","大疆FlyCart30",2026-09-11,93,47,"已完成"
16,"福田口岸-河套","大疆FlyCart30",2026-09-18,101,43,"已完成"
17,"龙岗中心城-坪山","顺丰H4",2026-09-06,104,34,"已完成"
18,"龙岗中心城-坪山","顺丰H4",2026-09-13,115,26,"已完成"
19,"盐田港-大鹏","美团第四代",2026-09-10,127,19,"备降"
20,"盐田港-大鹏","美团第四代",2026-09-20,108,37,"已完成"
